Amino Acid,Codon,Frequency
F,UUU,17.6
F,UUC,20.3
L,UUA,7.7
L,UUG,12.9
L,CUU,13.2
L,CUC,19.6
L,CUA,7.2
L,CUG,39.6
S,UCU,15.2
S,UCC,17.7
S,UCA,12.2
S,UCG,4.4
S,AGU,12.1
S,AGC,19.5
Y,UAU,12.2
Y,UAC,15.3
Stop,UAA,1
Stop,UAG,0.8
Stop,UGA,1.6
C,UGU,10.6
C,UGC,12.6
W,UGG,13.2
P,CCU,17.5
P,CCC,19.8
P,CCA,16.9
P,CCG,6.9
H,CAU,10.9
H,CAC,15.1
Q,CAA,12.3
Q,CAG,34.2
R,CGU,4.5
R,CGC,10.4
R,CGA,6.2
R,CGG,11.4
I,AUU,16
I,AUC,20.8
I,AUA,7.5
M,AUG,22
T,ACU,13.1
T,ACC,18.9
T,ACA,15.1
T,ACG,6.1
N,AAU,17
N,AAC,19.1
K,AAA,24.4
K,AAG,31.9
S,AGU,12.1
S,AGC,19.5
R,AGA,12.2
R,AGG,12
D,GAU,21.8
D,GAC,25.1
E,GAA,29
E,GAG,39.6
G,GGU,10.8
G,GGC,22.2
G,GGA,16.5
G,GGG,16.5
A,GCU,18.4
A,GCC,27.7
A,GCA,15.8
A,GCG,7.4
V,GUU,11
V,GUC,14.5
V,GUA,7.1
V,GUG,28.1